contribute,appreciate,athlete,beneath,combination
massive,ordinary,preserve,generate,institution
accident,appropriate,atmosphere,bloody,technical
accurate,disclose,presidency,generous,commentator
convention,originally,attorney,breathe,commerce
merchant,approval,expectation,gentleman,thorough
expense,discount,corporation,cooperation,distribution
brilliant,ought,efficient,acknowledge,outstanding
gesture,breed,aside,overwhelming,arise
rhythm,genuine,counterpart,arrival,experiment
internal,intention,elegant,attractive,procedure
broker,transition,historic,familiar,broadcast
headquarters,corruption,sacrifice,component,riot
routine,invasion,actress,invitation,ballot
electronic,acre,extreme,typical,exploit
paranoia,expression,judgment,eliminate,profession
calculated,involvement,justify,capable,minimum
helicopter,unidentified,venue,illegal,prompt
monitor,elsewhere,flexible,satellite,compromise
financial,casualty,qualified,curious,unique
provision,imagination,foreigner,motivate,category
myth,seize,racial,concentration,employment
native,sensible,desperate,musician,percentage
chaos,seriously,,admire,category
,,,socialist,implement
,,,impression,condemn
virtually,impressive,liberate,spectacular,laboratory
